{"IcoMoonType":"selection","icons":[{"icon":{"paths":["M438.857 73.143c242.286 0 438.857 196.571 438.857 438.857s-196.571 438.857-438.857 438.857-438.857-196.571-438.857-438.857 196.571-438.857 438.857-438.857zM438.857 822.857c171.429 0 310.857-139.429 310.857-310.857s-139.429-310.857-310.857-310.857-310.857 139.429-310.857 310.857 139.429 310.857 310.857 310.857zM493.714 694.857c-10.286 0-18.286-8-18.286-18.286v-329.143c0-10.286 8-18.286 18.286-18.286h109.714c10.286 0 18.286 8 18.286 18.286v329.143c0 10.286-8 18.286-18.286 18.286h-109.714zM274.286 694.857c-10.286 0-18.286-8-18.286-18.286v-329.143c0-10.286 8-18.286 18.286-18.286h109.714c10.286 0 18.286 8 18.286 18.286v329.143c0 10.286-8 18.286-18.286 18.286h-109.714z"],"attrs":[{}],"width":878,"isMulticolor":false,"isMulticolor2":false,"tags":["pause-circle-o"],"grid":14},"attrs":[{}],"properties":{"order":1,"id":1,"prevSize":28,"code":59653,"name":"pause-circle-o"},"setIdx":0,"setId":1,"iconIdx":0},{"icon":{"paths":["M676.571 512c0 13.143-6.857 25.143-18.286 31.429l-310.857 182.857c-5.714 3.429-12 5.143-18.286 5.143s-12.571-1.714-18.286-4.571c-11.429-6.857-18.286-18.857-18.286-32v-365.714c0-13.143 6.857-25.143 18.286-32 11.429-6.286 25.714-6.286 36.571 0.571l310.857 182.857c11.429 6.286 18.286 18.286 18.286 31.429zM749.714 512c0-171.429-139.429-310.857-310.857-310.857s-310.857 139.429-310.857 310.857 139.429 310.857 310.857 310.857 310.857-139.429 310.857-310.857zM877.714 512c0 242.286-196.571 438.857-438.857 438.857s-438.857-196.571-438.857-438.857 196.571-438.857 438.857-438.857 438.857 196.571 438.857 438.857z"],"attrs":[{}],"width":878,"isMulticolor":false,"isMulticolor2":false,"tags":["play-circle-o"],"grid":14},"attrs":[{}],"properties":{"order":1,"id":0,"prevSize":28,"code":59654,"name":"play-circle-o"},"setIdx":0,"setId":1,"iconIdx":1},{"icon":{"paths":["M938.667 654.222c0 25.145-9.99 49.266-27.773 67.044-17.778 17.783-41.893 27.773-67.044 27.773h-568.887l-189.629 189.628v-758.518c0-25.147 9.989-49.263 27.771-67.044s41.898-27.771 67.044-27.771h663.702c25.151 0 49.266 9.989 67.044 27.771 17.783 17.781 27.773 41.898 27.773 67.044v474.074z"],"attrs":[{"fill":"none","strokeLinejoin":"round","strokeLinecap":"round","strokeMiterlimit":"4","strokeWidth":79.64444444444443}],"isMulticolor":false,"isMulticolor2":false,"grid":0,"tags":["contacto"]},"attrs":[{"fill":"none","strokeLinejoin":"round","strokeLinecap":"round","strokeMiterlimit":"4","strokeWidth":79.64444444444443}],"properties":{"order":7,"id":4,"name":"contacto","prevSize":32,"code":59648},"setIdx":1,"setId":0,"iconIdx":0},{"icon":{"paths":["M375.468 341.333c-17.066-17.066-34.133-46.934-34.133-85.334s17.066-68.266 34.133-85.333l-68.266-55.467c-34.134 38.4-51.2 89.6-51.2 140.8s17.066 102.4 51.2 140.8l68.266-55.466zM597.335 255.999c0-46.933-38.4-85.333-85.335-85.333-46.932 0-85.332 38.4-85.332 85.333 0 29.867 17.067 59.734 42.667 72.534l-256 695.467h89.6v-4.265l209.065-183.47 209.070 183.47v4.265h89.6l-256-695.467c25.6-12.8 42.665-42.666 42.665-72.534zM366.935 849.065l38.4-106.665 42.666 34.135-81.066 72.53zM657.070 849.065l-217.603-192 72.532-200.532 145.070 392.532zM170.668 255.999c0-64 25.6-123.733 76.8-187.733l-68.266-51.2c-64 76.8-93.866 157.867-93.866 238.933s29.866 162.134 93.866 238.934l64-55.466c-46.934-59.734-72.534-119.467-72.534-183.467zM716.8 396.799c34.135-38.4 51.2-89.6 51.2-140.8s-17.065-102.4-51.2-140.8l-68.265 55.467c17.065 17.066 34.135 46.933 34.135 85.333s-17.070 68.267-34.135 85.334l68.265 55.466zM844.8 17.066l-64 55.467c46.935 59.734 72.535 119.466 72.535 183.466s-25.6 123.734-76.8 187.734l64 55.466c68.265-81.066 98.135-162.133 98.135-243.2s-29.87-162.133-93.87-238.933z"],"attrs":[{}],"isMulticolor":false,"isMulticolor2":false,"grid":0,"tags":["emisora"]},"attrs":[{}],"properties":{"order":8,"id":3,"name":"emisora","prevSize":32,"code":59649},"setIdx":1,"setId":0,"iconIdx":1},{"icon":{"paths":["M512 512c44.303 0 87.613-13.137 124.447-37.751 36.838-24.613 65.546-59.597 82.504-100.528 16.952-40.93 21.386-85.969 12.744-129.421s-29.978-83.365-61.302-114.692c-31.329-31.327-71.24-52.661-114.693-61.304-43.448-8.643-88.489-4.207-129.42 12.747s-75.915 45.665-100.528 82.501c-24.613 36.837-37.751 80.145-37.751 124.448 0 59.408 23.6 116.384 65.608 158.392s98.983 65.608 158.392 65.608zM512 128c31.647 0 62.582 9.384 88.893 26.965s46.817 42.57 58.926 71.806c12.109 29.236 15.278 61.407 9.108 92.444-6.175 31.037-21.417 59.546-43.791 81.923s-50.888 37.615-81.92 43.789c-31.037 6.173-63.21 3.005-92.446-9.105s-54.224-32.618-71.805-58.93c-17.581-26.312-26.965-57.246-26.965-88.891 0-42.435 16.857-83.131 46.863-113.137s70.703-46.863 113.137-46.863z","M544 576h-64c-93.356 0-182.889 37.084-248.902 103.096-66.013 66.017-103.098 155.546-103.098 248.904 0 8.489 3.372 16.625 9.373 22.625 6.001 6.006 14.14 9.375 22.627 9.375h704c8.489 0 16.625-3.369 22.625-9.375 6.006-6.001 9.375-14.136 9.375-22.625 0-93.358-37.084-182.886-103.096-248.904-66.017-66.012-155.546-103.096-248.904-103.096zM193.92 896c7.868-70.38 41.392-135.393 94.166-182.615 52.773-47.227 121.097-73.349 191.914-73.385h64c70.82 0.036 139.141 26.158 191.913 73.385 52.777 47.222 86.298 112.236 94.167 182.615h-636.16z"],"attrs":[{},{}],"isMulticolor":false,"isMulticolor2":false,"grid":0,"tags":["nosotros"]},"attrs":[{},{}],"properties":{"order":9,"id":2,"name":"nosotros","prevSize":32,"code":59650},"setIdx":1,"setId":0,"iconIdx":2},{"icon":{"paths":["M734.214 111.644c47.235 0.045 92.518 18.828 125.918 52.226 33.394 33.398 52.178 78.683 52.224 125.915v444.428c-0.046 47.235-18.83 92.518-52.224 125.918-33.399 33.394-78.683 52.178-125.918 52.224h-444.428c-47.232-0.046-92.517-18.83-125.915-52.224-33.398-33.399-52.181-78.683-52.226-125.918v-444.428c0.045-47.232 18.828-92.517 52.226-125.915s78.683-52.181 125.915-52.226h444.428zM734.219 59.022h-444.442c-61.2 0-119.894 24.311-163.169 67.587s-67.587 101.969-67.587 163.169v444.442c0 30.305 5.969 60.314 17.565 88.309s28.594 53.436 50.022 74.866c43.275 43.27 101.969 67.584 163.169 67.584h444.442c30.305 0 60.314-5.968 88.309-17.567 27.995-11.594 53.436-28.592 74.866-50.017 21.424-21.43 38.423-46.871 50.017-74.866 11.6-27.995 17.567-58.004 17.567-88.309v-444.442c0-30.303-5.968-60.31-17.567-88.306-11.594-27.997-28.592-53.435-50.017-74.862-21.43-21.428-46.871-38.425-74.866-50.022s-58.004-17.565-88.309-17.565z","M377.954 291.193v-1.334l8.804 0.279c8.875 0.281 17.517 2.897 25.056 7.584l302.033 169.318c0.006 0.002 0.011 0.004 0.011 0.006 8.061 4.505 14.768 11.078 19.445 19.040 4.671 7.966 7.134 17.034 7.134 26.27s-2.463 18.304-7.134 26.27c-4.676 7.965-11.389 14.54-19.45 19.045l0.006-0.005-0.011 0.006-335.893-266.479zM377.954 291.193c-10.651 1.769-20.565 6.819-28.299 14.553-9.768 9.768-15.256 23.018-15.256 36.832v338.843h8.533c-0.047 5.751 1.045 11.452 3.213 16.777s5.369 10.172 9.418 14.251c4.049 4.085 8.866 7.327 14.174 9.535 5.308 2.213 11.001 3.351 16.751 3.351l-8.533-434.141zM687.047 511.644l-300.026 168.366v-336.732l300.026 168.366zM411.695 727.057c0.020-0.011 0.041-0.023 0.061-0.034l-4.291-7.378 4.173 7.441 0.056-0.028z"],"attrs":[{"strokeLinejoin":"miter","strokeLinecap":"butt","strokeMiterlimit":"4","strokeWidth":17.066666666666666},{"strokeLinejoin":"miter","strokeLinecap":"butt","strokeMiterlimit":"4","strokeWidth":17.066666666666666}],"isMulticolor":false,"isMulticolor2":false,"grid":0,"tags":["Youtube"]},"attrs":[{"strokeLinejoin":"miter","strokeLinecap":"butt","strokeMiterlimit":"4","strokeWidth":17.066666666666666},{"strokeLinejoin":"miter","strokeLinecap":"butt","strokeMiterlimit":"4","strokeWidth":17.066666666666666}],"properties":{"order":10,"id":1,"name":"Youtube","prevSize":32,"code":59651},"setIdx":1,"setId":0,